round,slice,frame,object_ref,cell,what,why,severity,owner,rule_id,evidence,action,rules_version,note
calib,C0,adasind_019560.jpg,L5+R3,na,WRONG_CLASS,E1_annotator_error,P1,annotator,R04,submission/p1_calib/compare.md; submission/p1_calib/compare.html,rework,v1.0.0,L5 được gán Car còn R3 được gán ThreeWheeler tại mép trái; cần đối chiếu hình dạng xe ba bánh trên ảnh
calib,C0,adasind_019560.jpg,L6,na,SPURIOUS,E1_annotator_error,P1,annotator,R03,submission/p1_calib/compare.md; submission/p1_calib/compare.html,rework,v1.0.0,L6 là box Bike nhỏ nằm trong vùng L1 Bike; cần kiểm tra đây có phải rider hoặc phương tiện đã được bao bởi L1
calib,C0,adasind_019560.jpg,L7,na,SPURIOUS,E1_annotator_error,P1,annotator,R03,submission/p1_calib/compare.md; submission/p1_calib/compare.html,rework,v1.0.0,L7 là Pedestrian chồng lên vùng Bike L3 và R2; cần kiểm tra người đang ngồi trên xe hay thực sự đi bộ
calib,C0,adasind_019560.jpg,R5,na,MISSING,E1_annotator_error,P1,annotator,R01;R04,submission/p1_calib/compare.md; submission/p1_calib/compare.html,rework,v1.0.0,R5 là ThreeWheeler chỉ có trong reference tại vùng center; cần kiểm tra xem bài gán nhãn có bỏ sót một xe ba bánh hay reference tạo box thừa
r2_qa,B3-mid,adasind_128310.jpg,L1,L_only,WRONG_CLASS,,,,R04,submission/r2_qa/qa_overlay.html,,v1.0.0,Vật thể có hình dạng xe ba bánh nhưng được gán Car; cần xác minh class ThreeWheeler
r2_qa,B3-mid,adasind_128310.jpg,L5,L_only,IGNORE_SCOPE,,,,R07;R09,submission/r2_qa/qa_overlay.html,,v1.0.0,Box Pedestrian bao phần ego rig và chồng vùng ego_body
r2_qa,B3-mid,adasind_140160.jpg,L3,L_only,ATTRIBUTE,,,,R05,submission/r2_qa/qa_overlay.html,,v1.0.0,Bike bị cắt bởi biên phải nhưng truncated đang false
r2_qa,B3-mid,adasind_140160.jpg,L4,L_only,IGNORE_SCOPE,,,,R07;R09,submission/r2_qa/qa_overlay.html,,v1.0.0,Box Pedestrian bao phần ego đã nằm trong ignore_region ego_body
r2_qa,B3-mid,adasind_230910.jpg,L13,L_only,IGNORE_SCOPE,,,,R07;R09,submission/r2_qa/qa_overlay.html,,v1.0.0,Box Pedestrian bao người điều khiển và phần ego rig ở góc dưới-trái
r1_craft,B4-mid,adasind_261480.jpg,L4,na,SPURIOUS,E1_annotator_error,P1,annotator,R03,submission/r1_craft/compare.html,rework,v1.0.0,Box Bike nhỏ chồng trong box Bike L6 nên có dấu hiệu gán trùng cùng rider
r1_craft,B4-mid,adasind_265065.jpg,L4,na,SPURIOUS,E0_reference_defect,P1,qa,R01,submission/r1_craft/compare.html,keep_with_reason,v1.0.0,Ảnh cho thấy một pedestrian riêng bên phải xe tải và chiều cao box trên H
r1_craft,B4-mid,adasind_265065.jpg,L6,na,SPURIOUS,E1_annotator_error,P1,annotator,R03,submission/r1_craft/compare.html,rework,v1.0.0,Người đi cùng xe hai bánh bị tách thành Pedestrian thay vì một box Bike
r1_craft,B4-mid,adasind_265065.jpg,L9,na,SPURIOUS,E0_reference_defect,P2,qa,R01,submission/r1_craft/compare.html; submission/screenshots/adasind_265065_reference_audit.jpg,escalate,v1.0.0,Ảnh có xe hai bánh đỗ sát lề và box cao hơn H nhưng reference không có
r1_craft,B4-mid,adasind_265065.jpg,R5,na,MISSING,E1_annotator_error,P1,annotator,R03,submission/r1_craft/compare.html,rework,v1.0.0,Thiếu box Bike gộp rider và xe tại vùng bên trái truck
r1_craft,B4-mid,adasind_265065.jpg,R7,na,MISSING,E1_annotator_error,P1,annotator,R01,submission/r1_craft/compare.html,rework,v1.0.0,Bỏ sót pedestrian riêng trong nhóm người phía phải ảnh
r3_diag,B4-mid,adasind_249480.jpg,M2,M_only,SPURIOUS,E4_model_domain,P1,ai_team,R03,submission/r3_diag/model_compare.html,keep_with_reason,v1.0.0,Model tách một người lái bên trong Bike thành Pedestrian
r3_diag,B4-mid,adasind_249480.jpg,M4,M_only,SPURIOUS,E4_model_domain,P1,ai_team,R03,submission/r3_diag/model_compare.html,keep_with_reason,v1.0.0,Model tách người ngồi trên cùng xe hai bánh thành Pedestrian riêng
r3_diag,B4-mid,adasind_249480.jpg,M6,M_only,SPURIOUS,E4_model_domain,P2,ai_team,R04,submission/r3_diag/model_compare.html,keep_with_reason,v1.0.0,Model nhận nhầm phần hàng hoặc chi tiết trên Truck thành Pedestrian
r3_diag,B4-mid,adasind_261480.jpg,L5+R5,LR_noM,MISSING,E4_model_domain,P1,ai_team,R04,submission/r3_diag/model_compare.html,keep_with_reason,v1.0.0,L và R có ThreeWheeler nhưng model không giữ đúng class tương ứng
r3_diag,B4-mid,adasind_261480.jpg,L3+R6,LR_noM,MISSING,E4_model_domain,P1,ai_team,R04,submission/r3_diag/model_compare.html,keep_with_reason,v1.0.0,Model bỏ class ThreeWheeler và tạo box Car tại cùng vùng
r3_diag,B4-mid,adasind_261480.jpg,L2+R4,LR_noM,MISSING,E4_model_domain,P1,ai_team,R04,submission/r3_diag/model_compare.html,keep_with_reason,v1.0.0,Model không nhận đúng ThreeWheeler và sinh các class Car hoặc Truck chồng nhau
r3_diag,B4-mid,adasind_261480.jpg,L4,L_only,SPURIOUS,E1_annotator_error,P1,annotator,R03,submission/r3_diag/model_compare.html,rework,v1.0.0,Box Bike nhỏ chồng đáng kể trong box Bike L6 và có dấu hiệu gán trùng rider
r3_diag,B4-mid,adasind_261480.jpg,M2,M_only,SPURIOUS,E4_model_domain,P1,ai_team,R03,submission/r3_diag/model_compare.html,keep_with_reason,v1.0.0,Model tách người lái của Bike lớn thành Pedestrian
r3_diag,B4-mid,adasind_261480.jpg,M5,M_only,SPURIOUS,E4_model_domain,P1,ai_team,R03,submission/r3_diag/model_compare.html,keep_with_reason,v1.0.0,Model tách người trong box Bike phía trái thành Pedestrian
r3_diag,B4-mid,adasind_261480.jpg,M6,M_only,SPURIOUS,E4_model_domain,P1,ai_team,R04,submission/r3_diag/model_compare.html,keep_with_reason,v1.0.0,Model gọi ThreeWheeler là Car
r3_diag,B4-mid,adasind_261480.jpg,M8,M_only,SPURIOUS,E4_model_domain,P1,ai_team,R04,submission/r3_diag/model_compare.html,keep_with_reason,v1.0.0,Model gọi một ThreeWheeler khác là Car
r3_diag,B4-mid,adasind_261480.jpg,M10,M_only,SPURIOUS,E4_model_domain,P1,ai_team,R04,submission/r3_diag/model_compare.html,keep_with_reason,v1.0.0,Model tạo box Car trên cùng ThreeWheeler đã được L và R xác nhận
r3_diag,B4-mid,adasind_261480.jpg,M11,M_only,SPURIOUS,E4_model_domain,P2,ai_team,R03,submission/r3_diag/model_compare.html,keep_with_reason,v1.0.0,Model tạo thêm một box Bike bộ phận bên trong vùng xe hai bánh
r3_diag,B4-mid,adasind_261480.jpg,M12,M_only,SPURIOUS,E4_model_domain,P1,ai_team,R04,submission/r3_diag/model_compare.html,keep_with_reason,v1.0.0,Model tạo box Truck trùng vùng ThreeWheeler và sai class
r3_diag,B4-mid,adasind_261480.jpg,M13,M_only,SPURIOUS,E4_model_domain,P1,ai_team,R03,submission/r3_diag/model_compare.html,keep_with_reason,v1.0.0,Model tạo box Bike thứ hai trên cùng Bike lớn đã được M9 ghép
r3_diag,B4-mid,adasind_265065.jpg,L4,L_only,SPURIOUS,E0_reference_defect,P1,qa,R01,submission/r3_diag/model_compare.html,keep_with_reason,v1.0.0,Ảnh cho thấy pedestrian riêng bên phải truck và box cao hơn ngưỡng H nhưng reference thiếu
r3_diag,B4-mid,adasind_265065.jpg,L6,L_only,SPURIOUS,E1_annotator_error,P1,annotator,R03,submission/r3_diag/model_compare.html,rework,v1.0.0,Rider của xe hai bánh bị tách thành Pedestrian
r3_diag,B4-mid,adasind_265065.jpg,L9,L_only,SPURIOUS,E0_reference_defect,P2,qa,R01,submission/r3_diag/model_compare.html; submission/screenshots/adasind_265065_reference_audit.jpg,escalate,v1.0.0,Ảnh có một Bike đỗ sát lề cao hơn H nhưng reference thiếu; cần QA xác nhận thêm do vật nhỏ
r3_diag,B4-mid,adasind_265065.jpg,R5+M7,RM_noL,MISSING,E1_annotator_error,P1,annotator,R03,submission/r3_diag/model_compare.html,rework,v1.0.0,Reference và model cùng có Bike nhưng L chỉ tách rider thành Pedestrian
r3_diag,B4-mid,adasind_265065.jpg,R7,R_only,MISSING,E1_annotator_error,P1,annotator,R01,submission/r3_diag/model_compare.html,rework,v1.0.0,L bỏ sót một pedestrian riêng trong nhóm bên phải
r3_diag,B4-mid,adasind_265065.jpg,M8,M_only,SPURIOUS,E4_model_domain,P2,ai_team,R03,submission/r3_diag/model_compare.html,keep_with_reason,v1.0.0,Model tạo box Bike thứ hai chồng với M7 trên cùng xe hai bánh
